File Name,Matched Images
1,['1_1.jpg']
104,['104_1.jpg']
106,"['106_1.jpg', '106_2.jpg', '106_3.jpg']"
114,['114_2.jpg']
116,['116_1.jpg']
117,['117_1.jpg']
120,['120_1.jpg']
124,['124_1.jpg']
132,['132_1.jpg']
133,['133_1.jpg']
136,['136_1.jpg']
138,['138_1.jpg']
139,['139_1.jpg']
140,['140_1.jpg']
145,['145_1.jpg']
146,['146_1.jpg']
147,['147_1.jpg']
149,['149_1.jpg']
150,['150_1.jpg']
152,['152_1.jpg']
157,"['157_1.jpg', '157_2.jpg']"
158,"['158_1.jpg', '158_2.jpg']"
159,['159_1.jpg']
161,['161_1.jpg']
163,['163_1.jpg']
165,['165_1.jpg']
169,['169_1.jpg']
173,"['173_1.jpg', '173_2.jpg']"
175,"['175_1.jpg', '175_2.jpg']"
181,['181_1.jpg']
182,['182_1.jpg']
183,['183_1.jpg']
188,['188_1.jpg']
189,"['189_1.jpg', '189_2.jpg']"
196,['196_1.jpg']
199,['199_1.jpg']
200,['200_1.jpg']
208,['208_1.jpg']
210,"['210_1.jpg', '210_2.jpg', '210_3.jpg']"
213,"['213_1.jpg', '213_2.jpg', '213_3.jpg']"
222,['222_1.jpg']
223,['223_1.jpg']
226,['226_1.jpg']
229,['229_1.jpg']
230,['230_1.jpg']
232,['232_1.jpg']
234,['234_1.jpg']
235,['235_1.jpg']
237,['237_1.jpg']
238,['238_1.jpg']
239,['239_1.jpg']
240,['240_1.jpg']
241,['241_1.jpg']
245,['245_1.jpg']
249,['249_1.jpg']
250,['250_1.jpg']
253,['253_1.jpg']
254,['254_1.jpg']
256,['256_1.jpg']
260,['260_1.jpg']
262,['262_1.jpg']
266,['266_1.jpg']
273,['273_1.jpg']
274,['274_1.jpg']
276,['276_1.jpg']
280,['280_1.jpg']
287,['287_1.jpg']
312,['312_1.jpg']
323,['323_1.jpg']
326,['326_1.jpg']
332,['332_1.jpg']
349,['349_1.jpg']
388,['388_1.jpg']
389,['389_1.jpg']
396,['396_1.jpg']
58,"['58_1.jpg', '58_2.jpg']"
59,['59_1.jpg']
60,['60_1.jpg']
62,['62_1.jpg']
63,['63_1.jpg']
64,"['64_1.jpg', '64_2.jpg', '64_3.jpg']"
69,"['69_1.jpg', '69_2.jpg', '69_3.jpg']"
71,['71_1.jpg']
72,['72_1.jpg']
75,"['75_1.jpg', '75_2.jpg']"
77,['77_1.jpg']
84,['84_1.jpg']
87,['87_1.jpg']
92,"['92_1.jpg', '92_2.jpg']"
96,"['96_1.jpg', '96_2.jpg']"
97,['97_1.jpg']
99,"['99_1.jpg', '99_2.jpg']"
365,['365_1.jpg']
303,['303_1.jpg']
193,['193_1.jpg']
335,"['335_1.jpg', '335_2.jpg']"
331,['331_1.jpg']
339,['339_1.jpg']
22,['22_1.jpg']
356,['356_1.jpg']
51,['51_1.jpg']
134,['134_1.jpg']
336,['336_2.jpg']
130,"['130_1.jpg', '130_2.jpg']"
369,['369_1.jpg']
66,['66_1.jpg']
386,['386_1.jpg']
247,['247_1.jpg']
359,"['359_1.jpg', '359_2.jpg']"
362,['362_1.jpg']
364,['364_1.jpg']
305,['305_1.jpg']
61,['61_1.jpg']
190,['190_1.jpg']
2,['2_1.jpg']
329,['329_1.jpg']
14,['14_1.jpg']
285,['285_1.jpg']
361,['361_1.jpg']
333,['333_1.jpg']
397,['397_1.jpg']
310,['310_1.jpg']
17,['17_1.jpg']
391,['391_1.jpg']
204,['204_1.jpg']
377,['377_1.jpg']
127,['127_1.jpg']
346,['346_1.jpg']
309,['309_1.jpg']
380,['380_1.jpg']
375,['375_1.jpg']
347,['347_1.jpg']
31,['31_1.jpg']
373,['373_1.jpg']
292,['292_1.jpg']
334,['334_1.jpg']
25,['25_1.jpg']
376,['376_1.jpg']
382,['382_1.jpg']
16,['16_1.jpg']
366,"['366_1.jpg', '366_2.jpg', '366_3.jpg']"
100,['100_1.jpg']
103,['103_1.jpg']
105,['105_1.jpg']
107,['107_1.jpg']
108,['108_1.jpg']
110,['110_1.jpg']
111,['111_1.jpg']
113,['113_1.jpg']
119,['119_1.jpg']
12,['12_1.jpg']
13,['13_1.jpg']
131,['131_1.jpg']
143,['143_1.jpg']
151,['151_1.jpg']
166,['166_1.jpg']
170,['170_1.jpg']
172,['172_1.jpg']
174,['174_1.jpg']
178,['178_1.jpg']
18,['18_1.jpg']
184,['184_1.jpg']
185,['185_1.jpg']
194,['194_1.jpg']
197,['197_1.jpg']
198,['198_1.jpg']
205,['205_1.jpg']
209,['209_1.jpg']
21,['21_1.jpg']
212,['212_1.jpg']
224,['224_1.jpg']
225,"['225_1.jpg', '225_2.jpg']"
23,['23_1.jpg']
231,['231_1.jpg']
248,['248_1.jpg']
255,['255_1.jpg']
257,['257_1.jpg']
259,['259_1.jpg']
26,['26_1.jpg']
268,['268_1.jpg']
272,['272_1.jpg']
278,['278_1.jpg']
283,['283_1.jpg']
289,['289_1.jpg']
293,['293_1.jpg']
295,['295_1.jpg']
298,['298_1.jpg']
299,['299_1.jpg']
3,['3_1.jpg']
300,['300_1.jpg']
301,['301_1.jpg']
306,['306_1.jpg']
307,['307_1.jpg']
308,['308_1.jpg']
314,['314_1.jpg']
32,['32_1.jpg']
33,['33_1.jpg']
344,['344_1.jpg']
348,['348_1.jpg']
350,"['350_1.jpg', '350_2.jpg']"
353,"['353_1.jpg', '353_2.jpg']"
358,['358_1.jpg']
360,"['360_1.jpg', '360_2.jpg']"
384,['384_1.jpg']
39,['39_1.jpg']
395,"['395_1.jpg', '395_2.jpg']"
4,['4_1.jpg']
40,['40_1.jpg']
400,['400_1.jpg']
44,['44_1.jpg']
47,['47_1.jpg']
49,['49_1.jpg']
50,['50_1.jpg']
52,['52_1.jpg']
65,"['65_1.jpg', '65_2.jpg']"
7,['7_1.jpg']
70,['70_1.jpg']
76,['76_1.jpg']
82,['82_1.jpg']
83,['83_1.jpg']
86,['86_1.jpg']
88,['88_1.jpg']
93,"['93_1.jpg', '93_2.jpg']"
94,['94_1.jpg']
95,['95_1.jpg']
98,['98_1.jpg']
354,['354_1.jpg']
167,['167_1.jpg']
79,['79_1.jpg']
41,['41_1.jpg']
195,['195_1.jpg']
90,['90_1.jpg']
214,['214_1.jpg']
109,['109_1.jpg']
20,['20_1.jpg']
355,['355_1.jpg']
102,['102_1.jpg']
251,['251_1.jpg']
275,['275_1.jpg']
48,['48_1.jpg']
399,['399_1.jpg']
264,['264_1.jpg']
38,['38_1.jpg']
343,['343_1.jpg']
398,['398_1.jpg']
284,['284_1.jpg']
42,['42_1.jpg']
316,['316_1.jpg']
352,['352_1.jpg']
363,['363_1.jpg']
126,['126_1.jpg']
89,['89_1.jpg']
277,['277_1.jpg']
179,['179_1.jpg']
118,['118_1.jpg']
164,['164_1.jpg']
135,['135_1.jpg']
78,['78_1.jpg']
291,['291_1.jpg']
129,"['129_1.jpg', '129_2.jpg']"
267,['267_1.jpg']
269,['269_1.jpg']
35,['35_1.jpg']
122,"['122_1.jpg', '122_2.jpg']"
357,['357_1.jpg']
45,['45_1.jpg']
265,['265_1.jpg']
9,['9_1.jpg']
320,['320_1.jpg']
279,['279_1.jpg']
221,['221_1.jpg']
28,['28_1.jpg']
242,['242_1.jpg']
302,['302_1.jpg']
34,['34_1.jpg']
53,['53_1.jpg']
288,['288_1.jpg']
201,['201_1.jpg']
370,['370_1.jpg']
142,['142_1.jpg']
228,['228_1.jpg']
216,['216_1.jpg']
243,['243_1.jpg']
156,"['156_1.jpg', '156_2.jpg']"
244,['244_1.jpg']
54,['54_1.jpg']
319,"['319_1.jpg', '319_2.jpg']"
341,['341_1.jpg']
123,['123_1.jpg']
236,['236_1.jpg']
115,['115_1.jpg']
371,['371_1.jpg']
297,['297_1.jpg']
338,"['338_1.jpg', '338_2.jpg']"
313,['313_1.jpg']
162,['162_1.jpg']
258,['258_1.jpg']
390,['390_1.jpg']
281,['281_1.jpg']
367,['367_1.jpg']
282,['282_1.jpg']
202,['202_1.jpg']
383,['383_1.jpg']
43,['43_1.jpg']
8,['8_1.jpg']
321,['321_1.jpg']
141,['141_1.jpg']
15,['15_1.jpg']
215,['215_1.jpg']
125,['125_1.jpg']
177,"['177_1.jpg', '177_2.jpg']"
392,['392_1.jpg']
271,['271_1.jpg']
217,['217_1.jpg']
318,"['318_1.jpg', '318_2.jpg']"
206,['206_1.jpg']
137,['137_1.jpg']
211,['211_1.jpg']
345,['345_1.jpg']
81,['81_1.jpg']
296,"['296_1.jpg', '296_2.jpg', '296_3.jpg']"
252,['252_1.jpg']
220,['220_1.jpg']
351,"['351_1.jpg', '351_2.jpg']"
5,['5_1.jpg']
340,['340_1.jpg']
374,['374_1.jpg']
394,['394_1.jpg']
186,['186_1.jpg']
180,['180_1.jpg']
36,['36_1.jpg']
11,['11_1.jpg']
29,['29_1.jpg']
85,"['85_1.jpg', '85_2.jpg']"
207,['207_1.jpg']
80,['80_1.jpg']
101,['101_1.jpg']
46,['46_1.jpg']
330,"['330_1.jpg', '330_2.jpg']"
56,['56_1.jpg']
246,['246_1.jpg']
315,['315_1.jpg']
19,['19_1.jpg']
227,['227_1.jpg']
337,"['337_1.jpg', '337_2.jpg']"
294,"['294_1.jpg', '294_2.jpg', '294_3.jpg']"
